<?xml version="1.0" encoding="UTF-8"?>
<project-private xmlns="http://www.netbeans.org/ns/project-private/1">
    <editor-bookmarks xmlns="http://www.netbeans.org/ns/editor-bookmarks/2" lastBookmarkId="0"/>
    <open-files xmlns="http://www.netbeans.org/ns/projectui-open-files/2">
        <group>
            <file>file:/C:/Users/Aaron/Documents/NetBeansProjects/trabajo-final-constantinopla-1/ProyectoFinalPOO/src/proyectofinalpoo/Tablero.java</file>
            <file>file:/C:/Users/Aaron/Documents/NetBeansProjects/trabajo-final-constantinopla-1/ProyectoFinalPOO/src/proyectofinalpoo/Pregunta.java</file>
            <file>file:/C:/Users/Aaron/Documents/NetBeansProjects/trabajo-final-constantinopla-1/ProyectoFinalPOO/src/proyectofinalpoo/Jugador.java</file>
            <file>file:/C:/Users/Aaron/Documents/NetBeansProjects/trabajo-final-constantinopla-1/ProyectoFinalPOO/src/proyectofinalpoo/Principal.java</file>
        </group>
    </open-files>
</project-private>
